id,nameAr
000001,جرير
000002,ديزنى
000003,جون لى
000004,جوكيتا
000005,بول حنا
000006,جيل دان
000007,جو اوين
000008,روب مور
000009,سوبيشوب
000010,هنرى كى
000011,نانثيني
000012,مات وولف
000013,ماجي اير
000014,لارى كنج
000015,اميلي لي
000016,انا بانز
000017,بيل جرين
000018,بفيت جان
000019,بوب نيس
000020,جايابريا
000021,دان روام
000022,جيل بروك
000023,جيم وايت
000024,جيم كامب
000025,ديزى روث
000026,جين هانر
000027,جون ادير
000028,جون اكوف
000029,جون تافر
000030,جون جراى
000031,جون كونت
000032,راى ليفى
000033,روب يونج
000034,رون فراى
000035,سام هورن
000036,سالى سام
000037,شون كوفي
000038,فاي جونز
000039,نيتا بري
000040,كيفن بول
000041,مات افيري
000042,مايك جورج
000043,ماري الين
000044,ماك برايد
000045,ليل لوندز
000046,ليا ووترز
000047,ميكى فاين
000048,لورا ميلن
000049,لوسي لاين
000050,لوسى جاور
000051,الان الدا
000052,الان هستر
000053,امى مورين
000054,ابكتيتوس
000055,ايمي بران
000056,ايفيت جين
000057,ارلين ايه
000058,انا بارنز
000059,اندى كوبر
000060,اندرو لاى
000061,بات كروكر
000062,تيم اروين
000063,بيل اوليت
000064,بيتر فيسك
000065,تيدي روان
000066,برونى وير
000067,تشيب جينز
000068,بول ماكجي
000069,بول اكستل
000070,توم زيجلر
000071,بول هلمان
000072,بولا ريزو
000073,تود دنكان
000074,تونى وولف
000075,جاى وينش
000076,دان شوبيل
000077,جاك فوستر
000078,جيل هاسون
000079,ديب برايت
000080,ديفيد باخ
000081,ديفيد بوج
000082,جو اوسمار
000083,جولي ستار
000084,جورج كروز
000085,جونا برجر
000086,رام شاران
000087,راي داليو
000088,روب فازيو
000089,روث فيشيل
000090,روجر فيشر
000091,سلسلة 365
000092,شيلى هاجن
000093,سيث جودين
000094,زيج زيجلر
000095,سوزى هودج
000096,صوفى هانا
000097,سكوت كوبر
000098,هارى ميلز
000099,نيل بافيت
000100,نيتا بيري
000101,نك مورجان
000102,كاتي باير
000103,كيرى سميث
000104,كولن بارو
000105,مايك روبنز
000106,مايكل ويلر
000107,مارلى ادمز
000108,مارتى نوبل
000109,لاري وينجت
000110,لارى كيللر
000111,مارك رودس
000112,لاسى ماكلو
000113,لاسزلو بوك
000114,لى كراتشلى
000115,ميرا ليستر
000116,ليندا فيلد
000117,مكتبة جرير
000118,الفريد ميل
000119,ايمى مايرز
000120,ادريان ريد
000121,ايفيت جاين
000122,اريك باركر
000123,انجيلا جير
000124,اودري تانج
000125,بات ديفيلي
000126,تيم فيريس
000127,تيم فينتون
000128,بيل هاندلى
000129,بيلي ريجس
000130,بيتر مالوك
000131,بينا كابور
000132,براين وونج
000133,بريان دودج
000134,برنارد مار
000135,بول ماكينا
000136,توم اوليفر
000137,توم هوبكنز
000138,بول كامنجز
000139,بوبي اونيل
000140,تود ديفيس
000141,بوني بادير
000142,توني بوزان
000143,د . دولانج
000144,دان مارشال
000145,دان هاريس
000146,جيم ستوفال
000147,جيلي بيكاب
000148,جيمي برايد
000149,جيمى سمارت
000150,جيمس بورج
000151,جيمس جنسن
000152,ديانا ماثر
000153,جيب بلاونت
000154,ديريك اردن
000155,ديفيد بوزن
000156,ديفيد هرست
000157,جيه بورجوا
000158,دينا براون
000159,دينا دافيز
000160,جينيفر لير
000161,جوش فلويد
000162,جون بروكس
000163,جون روسمان
000164,رولف دوبلي
000165,روبرت ماير
000166,روبن شارما
000167,روز روزتري
000168,ستيف اولشر
000169,ستيفن كوفى
000170,زيج زيجلار
000171,سينثيا شير
000172,سو هادفيلد
000173,شوكلا داتا
000174,فيل ماكجرو
000175,فيليب هسكث
000176,فيكي فرينت
000177,فيكس كينج
000178,هايمن سونم
000179,هايدى هانا
000180,هارفي كارب
000181,هورست شولز
000182,نيكولا كوك
000183,كين ليندنر
000184,كريس بيلي
000185,كورين سويت
000186,ألبرت اليس
000187,مايكل بولان
000188,مايكل سبيرا
000189,مايكل سنسير
000190,مارتن مانسر
000191,مارجي واريل
000192,مارك فريمان
000193,مارك هايمان
000194,ليل لونديس
000195,ليلى لونديز
000196,ميجان ستاين
000197,ليز وايزمان
000198,ام جاي ريان
000199,اليانور هول
000200,اليس بويس
000201,ايان بولارد
000202,ارين ماكهوف
000203,اولريخ بوزر
000204,اوج ماندينو
000205,اندريا ديمى
000206,باربرا برجر
000207,تيرى بولسون
000208,براين تراسى
000209,تشارلز دويج
000210,بول جارفيس
000211,بول كلينمان
000212,بول كولانثي
000213,توماس كيدا
000214,جاثان جانوف
000215,دايانا بوهر
000216,جاري هينيسي
000217,داني ديبيرو
000218,جاكى سلبيرج
000219,جيل شليزنجر
000220,ديل كارنيجى
000221,جير تومبسون
000222,ديريك سيفرز
000223,جيس برالير
000224,جيسيكا هاجى
000225,ديف اندرسون
000226,ديفيد لويس
000227,ديفيد هوفلد
000228,جين سينسيرو
000229,جريتش روبن
000230,جريتشن روبن
000231,جوش ديفيس
000232,جوش كوفمان
000233,جوزيف ميرفي
000234,جوزيف بيرجو
000235,دون ميتكالف
000236,جون سي بوجل
000237,جوكو ويلينك
000238,راشيل بريدج
000239,راندى بوتش
000240,روبرت اشتون
000241,روبرت رينجر
000242,روبرت فيبس
000243,رود جودكينز
000244,رودى ماكلين
000245,روز هير سيج
000246,روندا بايرن
000247,روندا كونجر
000248,سلسلة اصنعي
000249,سلسلة اكتشف
000250,شاة وازموند
000251,سايمون سينك
000252,ستانلى بينج
000253,ستيف راولنج
000254,ستيف هينتون
000255,ستيفن بيرس
000256,سيندى هاينز
000257,سوزان ديفيد
000258,سكوت اميكس
000259,سكوت جالواي
000260,فيل ام جونز
000261,فيل تشامبرز
000262,فيليب هسكيث
000263,فيكى جيرارد
000264,فريد شيرناو
000265,هايمن سونيم
000266,هيلين كينست
000267,هيدي بولمان
000268,والتر ميشيل
000269,نابليون هيل
000270,وارن جريشيز
000271,نيليما سينا
000272,نيك كوليندا
000273,نيكو ميدينا
000274,كال نيوبورت
000275,كايت فريمان
000276,كارمين جالو
000277,كارين ليفين
000278,كافيت روبرت
000279,كيث ابراهام
000280,كيفين هوجان
000281,كيفين كروس
000282,كريس لويس
000283,كريس هيلدر
000284,مايك كلايتون
000285,مايكل بورجان
000286,مارى جيه لور
000287,ماريا شريفير
000288,مارجريت فريث
000289,مارك جولستون
000290,مارك سانبورن
000291,ماندى هولجيت
000292,ليليان جلاس
000293,ميرا لي باتل
000294,ليز ديفيدسون
000295,ليزا كونجدون
000296,ليزي كورنوال
000297,ليزى كورنوول
000298,ام جيه رايان
000299,اميلي وابنيك
000300,الين ان ارون
000301,اليكس مارتن
000302,اجاثا كريستى
000303,ايان سيداواى
000304,ايريكا رايشر
000305,اريك كوالمان
000306,انا كاساليس
000307,انتونى روبنز
000308,انيا كامينتز
000309,تي ام بولنجر
000310,براد لومينيك
000311,براين ترايسى
000312,بروس تولجان
000313,تشارلز ماكاى
000314,دي كوين ميلز
000315,جيمس ماكراي
000316,جيف ديفيدسون
000317,ديفيد لودفيج
000318,ديفيد فيسكوت
000319,ديفيد نيومان
000320,ديفيد كوتريل
000321,جين ام توينج
000322,جيوفرى جيمس
000323,جريج اس ريد
000324,جوليا لافلين
000325,جوان ماجريتا
000326,ريان هوليداى
000327,ريزفان اميلي
000328,روبين نيسكون
000329,روس ديكنسون
000330,سلسلة من انا
000331,سالي هوجزهيد
000332,سايمون سينيك
000333,شارون ميلنيك
000334,شانتال بيرنز
000335,ساندرا كابوت
000336,ستيف تشاندلر
000337,سبنسر جونسون
000338,سيمون هارتلى
000339,سيمون هورتون
000340,سوزان فورورد
000341,سوزان نيومان
000342,صوفي جولدينج
000343,سوكو جازمنيا
000344,فيشن لاكياني
000345,فينيس بوسنت
000346,فرانك ليبمان
000347,فوجان ايفانز
000348,هارييت ليرنر
000349,هيذر شوماكير
000350,هربرت هاريس
000351,ناتالي تيرنر
000352,نيليما سينها
000353,ويس روبرتس
000354,نيكولاس بيت
000355,نورينا هيرتز
000356,كاتي سي كيلي
000357,كارولين بويز
000358,كاسبيان وودز
000359,كيرت برنجارد
000360,كريس نايلور
000361,كريستي هيدجز
000362,كولين ستانلى
000363,مايك هوفلينجر
000364,مايكل ابراشوف
000365,مجلة سيكولوجي
000366,ميرا ليه باتل
000367,موراى اوكسمان
000368,اليزابيث ارشر
000369,ابارجيتا انيل
000370,ادم جيه كورتز
000371,انجيلا لوكوود
000372,اندريه سيدنيف
000373,اندرو دونوفان
000374,باتريك فورسيث
000375,تاشا اويريتش
000376,تيموثي فيريس
000377,بيتر هيميلمان
000378,ترافيس ستورك
000379,بريت بلومنتال
000380,تشارلز فيلبس
000381,دانا ميتشن رو
000382,دانييل ماكجين
000383,جيمس بانرمان
000384,ديباك مالوترا
000385,جيفرى برانتلى
000386,دينا ميتشيللى
000387,جوس فان روزن
000388,جوزيف ميركولا
000389,جوناثان رواش
000390,رامون كامبايو
000391,راي دي ستراند
000392,ريتشارد تمبلر
000393,ريتشارد بنسون
000394,ريتشارد جيرفر
000395,ريتشارد وبستر
000396,ريتشارد نيوتن
000397,رواندا ابرامز
000398,روبرت ال ليهى
000399,روس ديكينسون
000400,سلسلة 101 قصة
000401,سلسلة أريد أن
000402,سلسلة الانشطة
000403,سلسلة التلوين
000404,سلسلة اريد ان
000405,سلسلة قصص عن
000406,سلسلة كن امنا
000407,ستيفانى نورلز
000408,ستيفن ار كوفي
000409,ستيورات كرينر
000410,سيمون رينولدز
000411,سونال بهارارا
000412,شونتي فيلدهان
000413,سكيب بريتشارد
000414,فلورنس ليتور
000415,فاوجان ايفانز
000416,فرانسيس بووث
000417,ويليام ديفيس
000418,ويتني ستيوارت
000419,نيكولاس ايبى
000420,كلايف ويتشيلو
000421,كاثرين برايس
000422,كاترينا راندو
000423,كارل جيه شرام
000424,كانديس كوماي
000425,كريستين هاسلر
000426,كوليت هيمويتز
000427,مايكل نيكولاس
000428,لارى جيه كوينج
000429,مجلة سيكولوجيز
000430,مورتن تي هانسن
000431,لوسى ماكدونالد
000432,المكتبة الاولى
000433,اليزابيث كونكي
000434,ايزابيل كلا رك
000435,ايه جيه تشفلير
000436,ادوارد دي بونو
000437,بابارا ال هيلر
000438,باتريشيا لورنز
000439,باربرا ان كيفر
000440,تاكمى يامازاكى
000441,برناديت فايسرز
000442,تشاك كلاسترمان
000443,دانيال تشيدياك
000444,ديباك مالهوترا
000445,ديفيد ستيفنسون
000446,دوجلاس اي نول
000447,جوزيف ماكورماك
000448,جون سى ماكسويل
000449,جوناثان هيرينج
000450,ريتشارد ويبستر
000451,روبرت اي سوتون
000452,روبرت سيالديني
000453,روهيت بهارجافا
000454,سلسلة 100 نشاط
000455,سلسلة 120 لغزا
000456,سلسلة ما الصوت
000457,سلسلة انا اسمع
000458,سلسلة حيواناتى
000459,ستيفانو اجابيو
000460,شيفالي تساباري
000461,سينثيا ار جرين
000462,فالنتينا هاربر
000463,فريق ورد وركس
000464,والتر ايزاكسون
000465,نايجل كمبرلاند
000466,نيك ليتلهايلس
000467,كلير تشامبرلين
000468,كليف كانينجهام
000469,كريستين ديفريل
000470,مالكولم جلادويل
000471,مايكل دى واتكنز
000472,اليزابيث فيرديك
000473,اليكساندرا ماسي
000474,ايزوبيل كارلسون
000475,ارثر كونان دويل
000476,انا لوسيا ماكاي
000477,انتوني يانارينو
000478,باتريشيا ايفانز
000479,باتريك لينسيوني
000480,بيكى شيتز رانكل
000481,بروس روزنشتاين
000482,تشارلز دى اليس
000483,جايل ليندينفيلد
000484,دانيال اتش بيك
000485,دانيال جيه سيجل
000486,دانيال سى جولدى
000487,جانيت بي باسكال
000488,جيرالد جمبولسكى
000489,جوسلين كيه جلاى
000490,ريتشارد اوكونور
000491,سلسلة 365 حكاية
000492,سلسلة 365 نشاطا
000493,سلسلة كم الساعة
000494,سارة جين ارنولد
000495,سارة ريتشاردسون
000496,ستيفن ساوندرينج
000497,سير جون هارجراف
000498,فيرجوس اوكونيل
000499,نيكولاس بوثمان
000500,محررو مجلة اوبرا
000501,لورا بى فورتجانج
000503,الين روز جليكمان
000504,اربنجر انستيتيوب
000505,اريانا هافينغتون
000506,انتوني ايانارينو
000507,انتونيو اى فايس
000508,بيرس جيه هاوارد
000509,تشيري جيه ماينرز
000510,توم باتلر باودون
000511,توماس جاي ديلونج
000512,ج
000513,دميتري جولوبنتشي
000514,جاسمين كيركبرايد
000515,دانيال اتش بينك
000516,جاك و سوزى ويلش
000517,ديفاني دي مارنفي
000518,جريجورى ام هورين
000519,جون لويس جاديس
000521,ريتشارد ان بوليز
000522,روبرت هيرجافيتش
000523,سلسلة 1001 طريقة
000524,سلسلة العب وتعلم
000525,سلسلة اعرف كل شى
000526,سلسلة صوتا رائعا
000527,سلسلة كنزي الاول
000528,فرانك اوستاسيسكي
000530,ويليام روبرت ناي
000531,ويليام سي تايلور
000532,كامليش موهيندرا
000533,مارى كلير كارلايل
000534,ليزا ايرل ماكلويد
000535,لورين هاندل زاندر
000536,ايه توماس هورفاث
000537,ارين روني دولا ند
000538,باتريشيا جى هوران
000539,برايان اي روبنسون
000540,توماس ال فريدمان
000541,جاريد كوني هورفاث
000542,جيمس باكلي الابن
000543,جوزيف ال باداراكو
000544,راندى جاى باترسون
000545,رانجيت سينج مالهى
000546,روبرت جي هاجستروم
000547,سلسلة اسحب الشريط
000548,سلسلة تنمية العقل
000549,سلسلة يحب الاطفال
000550,سلسلة قصص خيالية
000551,سلسلة كتابى الاول
000552,سلفاتور فى ديداتو
000553,ناتالى اتش روجرز
000554,ني
000555,نو
000556,نورمان فينسنت بيل
000557,كارول كينزى جومان
000558,كارولين اي ارنولد
000559,كريس باريز براون
000560,مارك اتش ماكورماك
000561,لومينيتا دي سافيوك
000562,اصدارات مكتبة جرير
000563,باربرا سولوف لايفى
000564,بيرنيل سبيرز لوبيز
000565,تشيب هيث / دان هيث
000566,دبليو كليمينت ستون
000567,جيريجا راني استانا
000568,روبرت ستيفن كابلان
000569,سلسلة الكتاب الاول
000570,سلسلة الكتاب الذكى
000571,سلسلة يحب الا طفال
000572,سلسلة حيوانات ذكية
000573,سلسلة حكايات و حكم
000574,سلسلة نوافذ المنزل
000575,سلسلة كنز الحكايات
000576,شون
000577,فانيسا فان ادواردز
000578,فيجاي جوفينداراجان
000579,كري
000580,مارتن اى بى سليجمان
000581,ليندا اليس ايستمان
000582,مرحلة رياض الاطفال
000583,الان
000584,الان و باربارا بيز
000585,اوليفيا فوكس كابين
000586,باربرا / كيفين كونز
000587,توما
000588,ديل كارنيجى للتدريب
000589,سلسل
000590,سلسلة من حكايات جحا
000591,سلسلة مكتبتي الاولى
000592,سلسلة الصحة البدنية
000593,سلسلة العالم فى صور
000594,سلسلة القصة الرائعة
000595,سلسلة الكتاب الكبير
000596,سلسلة حيوانات و حكم
000597,سلسلة حكايات عالمية
000598,سلسلة سيارات مشهورة
000599,سلسلة عملاق التلوين
000600,سلسلة قصص كن لطيفا
000601,سلسلة كيف يعمل جسمي
000602,سلسلة كن طفلا مهذبا
000603,نالان أكتاس سونميز
000604,ويلي
000605,كاميليا ساكر دالروب
000606,كيرت دبليو مورتينسن
000607,مايكل بانجاي ستانيار
000608,اندي باركر / بيث وود
000609,باتريشيا ايه مكلاجان
000610,جان ن
000611,رايموند تشارلز باركر
000612,سلسلة مكتبتى الصغيرة
000613,سلسلة امرح مع ملصقات
000614,سلسلة الصحة العاطفية
000615,ستيرنبرج / لويز سبير
000616,شويا زيتشى / ان بيدو
000617,سوزان و كونراد بوتس
000618,هيروشي ميكي ميكيتاني
000619,قصص خيالية للا طفال
000620,كاثرين و روس بيتراس
000621,كيرت دبليو مورتينسين
000622,مايكل موسلى / بيتا بى
000623,ميشيل تيليس ليديرمان
000624,باتريشيا برينان ديموث
000625,بيفرلى دى فليكسينجتون
000626,دايل ك
000627,ريتشارد كوخ / ليو جوف
000628,سلسلة 5 حكايات للمتعة
000629,سلسلة الايادى الصغيرة
000630,سلسلة القاموس المصور
000631,سلسلة القصص المنشورة
000632,سلسلة اصدقائى الظرفاء
000633,سلسلة اصوات الحيوانات
000634,سلسلة كتابي الكبير عن
000635,سلسلة كتب لوحية طويلة
000636,شركة اربنجر انستيتيوت
000637,فليب كارتر و كين راسل
000638,فران ه
000639,مايكل جريجر / جين ستون
000640,اتش جاكسون بروان الابن
000641,ايمان / اربيتا وبالافى
000642,بام بولاك / ميج بلفيزو
000643,جمعتها جوديت ويليامسون
000644,جاك ويل
000645,جريج ويليامز / بات اير
000646,سلسلة 100 بطاقة للتعلم
000647,سلسلة الاتيكيت للاطفال
000648,سلسلة الصحة الاجتماعية
000649,سلسلة العجلات المتحركة
000650,سلسلة توم وجيرى 5 قصص
000651,ستيورات وارنر وسي حسين
000652,سيليست ديفيدسون مانيس
000653,فيكي رو
000654,مايك سوثون / كريس ويست
000655,ايريك دي
000656,بيل بورنيت / ديف ايفانز
000657,بيتر لينش / جون روتشيلد
000658,براين تراسى / رون اردين
000659,توم سيرس
000660,روجر فيشر / ويليام يورى
000661,سلسلة الملاحظات اللاصقة
000662,سلسلة تكوين شخصية الطفل
000663,سلسلة في الحياة اليومية
000664,زيج زيجلار / توم زيجلار
000665,سو ستوكديل / كليف ستيبر
000666,هيذر تور
000667,كارى كوبر / ستيفن بالمر
000668,كارين ليلاند / كيث بيلى
000669,لاليت جوبتا / سانجاى بال
000670,اليكس سويونج / كيم بانج
000671,الكسندر ل
000672,افى جوزيف
000673,افى جوزيف / ماجى تشابمان
000674,بيتر ثييل
000675,تشان كيم
000676,بوب بورج / جون ديفيد مان
000677,جايسون سيسلك / توم بارتو
000678,جاك ستاك / بو بورلينجهام
000679,جيمس كوز
000680,ديان تيرنر / ثيلما جريكو
000681,جيريمى ايدين / تيرى لونج
000682,جيسامي هيبرد / جو اوسمار
000683,جون كوتر / هولجر راثجيبر
000684,روس هاريس / بيف ايسبيت
000685,سلسلة مجموعة قصص تربوية
000686,سلسلة مكتبة الطفل الاولى
000687,سلسلة العب و تعلم و امرح
000688,سلسلة تكوين شخصية الطفل
000689,سلسلة حكايات لخمس دقائق
000690,سلسلة هيا نكبر بشكل افضل
000691,سلسلة قصص حيوانى اللطيف
000692,سلسلة قصص رائعة للاطفال
000693,ماثيو ماكا
000694,ماثيو ماكاى / تروى دوفرين
000695,مارك ويليامز / داني بنمان
000696,مجلة هارفارد بيزنس ريفيو
000697,ليز وايزمان / جريج ماكيون
000698,ليزا سويرلنج / رالف لازار
000700,مرحلة ماقبل رياض الاطفال
000701,اليك ماكنزى / بات نيكرسون
000702,بليز اجيري / جيليان جالين
000703,بيج داوسون
000704,برنت شليندر / ريك تيتزيلى
000705,جارى تشابم
000706,جان مولفيت / ميلينا كوستي
000707,جاك شافر / مارفين كارلينز
000708,جاك كانفبلد / مارك فيكتور
000709,جاك كانفيل
000710,جيم ستوفال / راي اتش هال
000711,جيسامى هيب
000712,جيسامى هيبيرد / جو اوسمار
000713,دوروثى جونسون / ليف تايلر
000714,جون نيفينجر / ماثيو كوهوت
000715,ريك هانسون / فورست هانسون
000716,سلسلة 1001 شيء للبحث عنها
000717,سلسلة ارفع الورقة الصغيرة
000718,سلسلة حكايات ما قبل النوم
000719,سلسلة حكايات الخمس دقائق
000720,سلسلة عالم جديد خبير فوري
000721,سلسلة وقت الرحلات للاطفال
000722,سيث برايس / باري فيلدمان
000723,كين بلا نشارد / مارك ميلر
000724,ماثيوماكاى
000725,مايك برنت / فيونا السا دنت
000726,مايكل نوير
000727,ميليسا هاريسون / هارى اتش
000728,براين تراسي
000729,توني بوزان
000730,جيمس ماكجراث / بوب بايتس
000731,ديفيد كوتريل / روبرت نيكس
000732,جون بي كوتر / دان اس كوين
000733,سلسلة مجموعة انشطة الاطفال
000734,سلسلة اقرأ وتألق المستوى 1
000735,سلسلة كتابي العملاق المبسط
000736,قصص رائعة للبنات الصغيرات
000737,كلير سكالى / ريتشارد ميريت
000738,كتاب التسلية الضخم للعائلة
000739,ماك اندرسون / بى جيه جالاجر
000740,اتش . جاكسون
000741,اواين سيرفيس / روري جالاجر
000742,بيرتا جارسيا / ارميل موديرى
000743,جاري تشابمان / جنيفر توماس
000744,جوف ريبنز / ريتشارد تومبسون
000745,جون سى ماكسويل / جيم دورنان
000746,سلسلة أقرا و تألق المستوى 1
000747,سلسلة أقرا و تألق المستوى 2
000748,سلسلة أقرا و تألق المستوى 3
000749,سلسلة أقرا و تألق المستوى 8
000750,سلسلة القصص العالمية عملاق
000751,سلسلة اقرا و تالق المستوى 6
000752,سلسلة اقرا و تالق المستوى 7
000753,سلسلة اقرا و تالق المستوى 8
000754,سارة او / بيتر ال ستافينوها
000755,ستيف بافيستر / اماندا فيكرز
000756,هاوارد جيه موريس / جينى لى
000757,هيلان اولين / هارولاد بولاك
000758,ويندي بيركنز / ساندرا كابوت
000759,كيران والش / ستيورات وارنر
000760,كين بلا نشار
000761,كين بلانشارد
000762,مايكل كروجرس / رومان تشابلر
000763,مارشال جولد سميث / مارك ريتر
000764,لينداايه هيل / كينت لا ينباك
000765,معهد برينستون / راسل روبرتس
000766,اريك شميدت / جوناثان روزنبرج
000767,انا سيرنا فارد / كارمين سايث
000768,ترافيس برادب
000769,بريان روبنسون / جامى ماكولرز
000770,جاسون فرايد / ديفيد هاينماير
000771,جانيس كابلان
000772,جيرمي كوباتشيك / ستيف كوكرام
000773,جيرى ويكوف / باربرا سي اونيل
000774,جيف ديفيدسون / تشيب ايشلبرجر
000775,ديفيد يوفي / مايكل كوسومانو
000776,جون اس هاموند / رالف ال كيلى
000777,سلسلة ماذا يجب أن تفعل عندما
000778,سلسلة ماذا يجب ان تفعل عندما
000779,سلسلة صغار الحيوانات الرائعة
000780,سلسلة عالم الحيوانات المدهش
000781,ساسلة ماذا يجب أن تفعل عندما
000782,مجموعة من نصائح اشهر المؤلفين
000783,لينا رامفليت / جوناس كجيلبيرج
000784,لورين بي بيلكر / جيم ماكروميك
000785,اليكس كابريرا / ارميل موديرى
000786,ايه جي لافلي / روجر ال مارتين
000787,جيرارد اى نيرنبرح / هنرى اتش
000788,ديفيد روبرتسون
000789,ديفيد روبرتسون / كينت لاينباك
000790,جين نيلسن / ما
000791,دينيس جرينبرج
000792,جورج ان كولينز / اندرو ادلمان
000793,ريان هوليداي / ستيفن هانسلمان
000794,روس ديكنسون / ريتشارد بينسون
000795,رونالد تى بوتر / باتريشيا اس
000796,سلسلة أقرا و تألق مستوى رياض
000797,سلسلة مكتبتى التعليمية الاولى
000798,نابليون هيل / جوديث ويليامسون
000799,نادية صوالحة / كاي أدمز / ويل
000800,كيم تى موسر / سوزان جينجربتش
000801,كريستيان مادسبجيرج / ميكيل بى
000802,كولين اى كارنى / راشيل مانبير
000803,آ . كوهن
000804,أمل محمد آل علي
000805,ألان م.ويبر
000806,لمى الغلاييني
000807,لمى العوهلي
000808,مليح توغتاغ
000809,أمنة فهد
000810,ألكسيس كاريل
000811,مادهاقن رامانوج
000812,مايكل السبيرج
000813,مايكل براون
000814,مايكل سميث
000815,مايكل غلب
000816,مايكل غلب وكيلي
000817,مايكل غالب
000818,مايكل نيوتن
000819,لارا بيسكوت
000820,ماري فياض
000821,ماري كوندو
000822,ماريان ماريش
000823,لارين هريننغ
000824,مارغري هيلتون
000825,مارك مانسون
000826,مارك ليفي
000827,مارك توين
000828,مارك يارنل
000829,مارك جاكوب و ست
000830,ماساجي ايشيكاوا
000831,لازاريف
000832,ماهر عبد الحميد
000833,مي علوش
000834,مي عباس
000835,مي عبد الجواد
000836,ميلبا اسكوبار
000837,محمد النابلسي
000838,أحمد لطفي
000839,محمد الاحمري
000840,محمد الباز
000841,محمد السنوسي
000842,أحمد الغزي
000843,محمد الضبع
000844,محمد الكشو
000845,ليلى ب.
000846,محمد بن راشد
000847,محمد جمال فرنك
000848,محمد ياسر حسكي
000849,محمد دولة
000850,محمد يوسف العطا
000851,محمد رضى عمرو
000852,محمد صالح
000853,محمد صادق
000854,محمد علي يوسف
000855,محمد عمر الجعيد
000856,محمد عمرو
000857,ليلى عثمان
000858,محمد عبد النبي
000859,محمد عطية
000860,محمد فاروق
000861,محمد طه
000862,أحمد قاسم
000863,أحمد قبيسي
000864,محمد كليب
000865,محمدالبدري
000866,ميليسا امبروزين
000867,ميليسا الفريز
000868,محمود ماهر
000869,محمود راضي
000870,محمود علام
000871,محمود عيسى
000872,مختار الجبالي
000873,مختار بن عيسى
000874,ميتش البوم
000875,ليزا م. شاب
000876,ميشيل بوسي
000877,ميشيل سيميس
000878,ميشيو كوشي
000879,أدهم شرقاوي
000880,لين روبنسون
000881,ليندا ليرهوبت
000882,ليندر كاهني
000883,ليونارد سي جرين / بول بي براون
000884,ميكايل كروجروس / رومان تشابلر
000885,ميكايليديس الكس
000886,AMIRA GHNIM
000887,مريم الحلاق
000888,مريم سعد الصياح
000889,مريم نور
000890,مصطفى محمود
000891,مصطفى مرغوب
000892,مصطفى ابو سعد
000893,مصطفي حسني
000894,معاذ جهاد
000895,معهد برينستون / لينى لاسكووسكى
000896,معهد برينستون / ابى ماركس بيل
000897,مهدي الموسوي
000898,مهند الغامدي
000899,أوليفييه بوريول
000900,منى دهيثم
000901,منى سلامة
000902,لوي غوتليب
000903,منية الجلاصي
000904,منير
000905,منير وجوزيف عبود
000906,لويز هاي
000909,لوران جونيل
000910,لورانس سى كاتز
000911,موريس لوبلان
000912,لوسي فولي
000913,مؤسسة الحسن لدمج الق
000914,مونتيسوري
000915,أكسيل دبليو تيم
000916,ا_ن ار كوهين
000917,ا. محمد المنسى قنديل
000918,ا. احمد مراد
000921,ا. احمد خالد توفيق
000922,ا. اسامة غريب
000923,ا. هيثم دبور
000924,ا. نجيب محفوظ
000925,ا.لوكهارت
000926,ا: رضوي عاشور
000927,ام ايه سوبيوس / بانوس موردوكو
000928,المعلم تشوا كوك
000929,المعلم تشوا كوك سوي
000930,امال عطية
000931,الافريقية
000932,الان تيري
000933,الان بيز
000934,الان سميث
000935,الان واتس
000936,الان كوهن
000937,امجد الجنباز
000938,اليزابيث بلاكوي
000939,اليف شفاق
000940,الدوس هكسلي
000941,الجوهرة الرمال
000942,اليكس كابريرا / روزا ام كيرتو
000943,الشيخ الأخضر
000944,السير تشارلز بلجريف
000945,الشعراوي
000946,الزهراء فريد
000947,الفريد ادلر
000948,الن كلاين
000949,الكس بانايان
000950,ابراهيم الفقي
000951,CHARLES PERRAUL
000952,اد هاليويل
000953,ادم سميث
000954,ادم كاي
000955,ايمان محمد
000956,ايمان الشمري
000957,ايمان بدراوي
000958,احمد الشقيري
000959,احمد بهجت
000960,احمد بن علي
000961,احمد خالد توفيق
000962,احمد دعدوش
000963,احمد ساسي
000964,احمد عبده عوض
000965,ايمن العتوم
000966,ايان ستيفنسن
000967,ادريان كوبر
000968,ادريس موتى
000969,ايرين مورجينيس
000970,ايريك دو كيرميل
000971,ايريك ريس
000972,ايف لولوش والان
000973,ايه جيه بانر
000974,ايهاب
000975,ايهاب حمارنة
000977,ارجوان بنت سليمان
000978,اريك مايسل
000979,اريك لوران
000980,اسامة المسلم
000981,اسامة شاهين
000982,اشاريا بالكريشن
000983,استر وجيري هيكس
000984,CONTRASTE EDITI
000985,اولغا
000986,انتوني روبينس
000987,انيتا مورجاني
000988,انجي مورجان / كورتني لينش /شون
000989,اندريا كاسبرزاك
000990,انس رحموني
000991,اوشو
000992,اوسكار وايلد
000993,انغريد روسيليني
000994,انوديا جوديث
000995,اضوى الدخيل
000996,اكهارت تول
000997,D B SOLTANA
000998,بام غروت
000999,بات باركر
001000,تاتيانا جيرومي
001001,باربارة دي أنجل
001002,باربرا جي ماركو
001003,باربرا جي ماركواي / جريجوري بي
001004,باربرة كارتلاند
001005,باولو كويلو
001006,باولو كونيتي
001007,بثينة جمال
001008,تيم كلارك
001009,بيتر اف دراكر
001011,بيتر بوست / انا
001012,بيتر ديميا
001013,بيتر سوانسون
001014,بيتر غلوكمان
001015,تيريسا اوبل / دوج ريمان / لى ه
001016,تيشا موريس
001017,بيفرلي جونز
001018,بينيامين جراهام
001019,برايان انجلز
001020,براين ترايسي
001021,بربارة دي انجلي
001025,بروس م. ستاشنفي
001026,برونو باتينو
001027,تركي الدخيل
001028,تركي الدهماني
001029,تسلا
001030,تشارلز باناتي
001031,بن هورويتز
001032,بول ماكينا
001033,بول اوستر
001034,بول براند
001035,توم سالونيك
001036,توماس اريكسون
001037,توماس سي
001038,تومي اوروانج
001039,بوليت جايلز
001040,بوب بيرج
001041,بوب بروكتور
001042,تود هنري
001043,بندر الروقي
001044,توني ريان
001045,توني روبينز
001046,HADIL SAYED AHM
001047,د. أحمد الفقيه
001049,د. احمد الديب
001050,د. ايلي ن.فرح
001051,د. جوان بوريسنك
001052,د. يوسف زيدان
001053,د. سمية الناصر
001054,د. سلوى الهوساو
001055,د. غلايت ب. كورتيس
001056,د. نزار دندش
001057,د. كيرك ستروساه
001058,د.اسماعيل عرفة
001059,د.حمزة مرتضى
001060,د.جوزيف ميركولا
001061,د.رسل النعيمي
001062,د.عبدالفتاح أبو سيدة
001063,د: جلال امين
001064,جمال الملا
001065,جمان السيد
001066,حمزة بصنوي
001067,خلود الحسينان
001068,خالد آل تركي
001069,خالد محمد الكثي
001070,خالد منيف
001072,خالد شكرالله
001073,خالد علي آل ماطر
001074,خالد غطاس
001075,حاتم الكاملي
001076,جايمي ثورستن
001077,جايمس لوقلوك
001078,دايفد باربر
001079,دار الولاء
001080,دار الكتاب
001081,دار دون
001082,جاري تشابمان
001083,جاريد آ. كوهن
001084,ياروسلاف هاشيك
001085,ياسمين يوسف
001086,جاستن ارينولدز
001087,ياسين بوزلفة
001088,ياسين رفاعية
001089,دافيد ماشادو
001090,دافيدجي
001091,دان بويتنز
001092,جان ديفينيو
001093,دان روبنستاين
001094,يان فان هلسنغ
001095,دانيال جي سيجل / تينا باين برا
001098,دانيال ستيل
001099,دانيال كويل
001100,دانييل جولمان / ريتشارد جي ديف
001101,يانيس فاروفاكيس
001102,جاك لوب
001103,جاك كانفيلد / مارك فيكتور هانس
001104,جبم مك كورمك و
001105,جبل عمان
001106,دبليو تشان كيم
001107,جيم ماكان
001108,جيم مك كورمك
001110,ديل كارنيجي
001111,جيم كولينز
001112,ديليا اوينز
001113,جيمس مانكتيلو / جوليان بيركين
001114,جيمس او بايل / ماريان كارينش
001115,جيمس ماكريث
001116,جيمس ادونيس
001117,جيمس بورج
001118,ديان ماكينتوش
001119,ديانا ساتيا
001120,ديباك شوبرا
001121,ديبنيت إم دي
001122,ديدييه كونفارد
001123,خيري الذهبي
001124,ديز موند توتو
001125,جيف جونس
001126,ديفيد ليبرمان
001127,ديفيد ميزابيل
001128,ديفيد ايراي
001129,ديفيد بيرلماتر /كريستين لوبيرج
001130,ديفيد بكير
001131,ديفيد ديدا
001132,ديفيد هاميلتون
001133,ديفيد هاوكينز
001135,جين اوستن
001136,جين باربر
001137,جين سينسيرو
001139,جين نيلسن
001140,جين كامبل
001141,جيني مكارثي
001142,جيني هان
001143,جيني كرينجل
001144,جينيفر مور مالينوس / انابيل س
001145,جيكارينتسيف
001146,جرانت
001147,جريجرورى هارتلى / ماريان كارين
001148,جريجورى هارتلى /ماريان كارينش
001149,جريجورى كيشيل / باتريشيا جانتر
001150,حسام نادر
001151,حصة العلي
001152,حسين الموسوي
001153,حسن المزين
001154,حسونة قيدارة
001155,دعاء عبد الرحما
001156,دفيد ام ار كوفي / ستيفان ام ما
001157,جو ا_ن ديميتريوس / ويندى باتر
001158,جو دسبنزا
001159,جول فيرن
001160,خولة حمدي
001161,جولي اوتسوكا
001162,جوليا اندر
001163,حنان لاشين
001164,جنان الحسن
001165,حنان السماك
001166,جودي ابس
001167,جوديت بيرينيون
001168,جنيفر ماليونز / جوستافو مازالي
001169,جورج لاباساد/ري
001170,جورج مارتن
001171,جورج أورويل
001172,جورج اوشاوا
001173,جورج فريدمان
001174,جوردان بيترسون
001175,دوريان سوكيغاوا
001176,جوش كوفمان
001177,جوستاف فلوبير
001178,جوستين بيكاردي
001179,جوستين غاردر
001180,دوستو
001181,دوستويفيسكي
001182,جوزيف ميركولا
001183,خوسيه اراغون
001184,جوشوا وولف
001185,يوهانا شييري
001186,دون ميغيل رويز
001187,جون بي كوتر
001188,جون جراي
001189,جون دوجلاس
001190,جون سي ماكسوال
001191,جون غراي
001192,جون ف. دي مارتي
001193,جون كروس / رفائيل جوميز / كيفي
001194,دونالد التمان
001195,LEARNING
001196,med karim bazda
001197,رامز محمود محمد
001198,راسل ايه باركلي / كريستين ام ب
001199,رافاييل جيوردان
001200,ريتا طانيوس
001201,ريتشارد برانسون
001202,ريتشارد تشامبرز
001203,ريتشارد دوكنز
001204,ريس بوين
001205,ريزلي بيكر
001206,رينا شياو
001207,ريوهو اوكاوا
001208,ريك هانسون
001209,رشا مشتة
001210,رفاه وجمان السي
001211,رواد المعرفة
001212,روان المصري
001213,روبيرت بروس
001214,روبرت اف هارتلى / سيندى ك_يكوم
001215,روبرت تي كيوساك
001216,روبرت دبليو فايرستون / ليزا فا
001217,روبرت جرين
001218,روبرت كيوساكي
001219,روديارد كيبلينج
001220,روديغر دالكه
001221,رودين فاروق
001222,روزماري
001223,رون شامسكى / سوزان ام از_سكوكس
001224,روندا ابرامز
001225,سلمان العودة
001226,سلمي اليانقي
001227,صلاح الراشد
001228,سليمان البلادي
001230,سمير عازار
001232,سلسلة دروس حياتية _ تتعلمها في
001233,سلسلة حكايات الحيوانات الصغيرة
001234,سلسلة حكايات ايسوب فى حجم كبير
001235,صالح الخزيم
001236,سامح شوقي
001237,صالح عبد الكريم
001238,صالح فرج ضيف ا
001239,ساتيا نادي_ / جريج شو / جيل تر
001240,ساجد العبدلي
001241,سارابينبرو
001242,سارة محفوظ
001243,سارة انيس يحيى
001244,سارة ديينغ
001245,سارة حسين
001246,شارون ليتشر
001247,ساندرا كابوت / مارجريت جاسينسك
001248,ساندرا كابوت / مارجريت جاسنسكا
001249,ساندرا كابوت /مارجريت جاسينسكا
001250,ستانلي توريكي
001251,ستيف تايلور
001253,ستيف هارفي
001254,ستيفن دى ليفيت / ستيفن جيه دوب
001255,ستيفن سيلبجر
001256,ستيفن كوفي
001258,شيلا اليسون / باربرا ان بارنيت
001259,سيمون
001260,زياد الزيادي
001261,شيب هيث
001262,سيبيواي جلوريا
001263,زيجمونت باوما
001264,سحر سمير بحراوي
001265,شيرين سيف الدين
001266,زينب سلبي
001267,شريف شحاتة
001269,شروق جلولي
001270,سعد الحمودي
001271,سعد الدوسري
001272,سعدون حمادة
001273,صفاء عباس
001274,صفوان حيدر
001275,شهاب الدين الهو
001276,صومالي مام
001277,سنية زايد
001278,سوزان ستيفلمان
001279,سون تزو
001281,شكري المبخوت
001282,سكوت جالوي
001283,سكوت سنايدر
001284,PICCOLIA
001285,SHERRY ARGOV
001286,عماد رشاد
001287,عمار عمر
001288,علي الوردي
001289,علي بن محمد
001290,علياء المؤيد
001291,عمر سفينغ غول
001292,عمر عبد الكافي
001293,عمران سلمان
001294,عمرو عبد المنعم
001295,عامر الغامدي
001296,غابريال غارسيا
001297,غابرييل واينبرغ
001298,غاي جوزيف الي
001299,غاي فينلي
001300,عادل أبو شنب
001301,عادل القاضي
001302,عادل باهميم
001303,عادل عمّوس
001304,غايتانو فيفو وماثيو
001305,عايدة عبد الكري
001306,غاري جون بيشوت
001307,عاري فاينرتشاك
001308,عاصم زينو
001309,عاصم علاء
001310,غاقن امبروز
001311,عثمان الزهراني
001312,عباس محمود العق
001313,عباس محمود عباس
001314,عبد الله
001315,عبد الله محمد ه
001316,عبد الله الملحم
001317,عبد الله المغلو
001318,عبد الله العمشا
001319,عبد الله بكار
001320,عبد الله زيود
001321,عبد اللطيف شرارة
001322,عبد الحميد الحم
001323,عبد الحافظ شمص
001324,عبد الدائم السل
001325,عبد الرحمان مني
001326,عبد الرحمتن مسع
001327,عبد القادر الحص
001328,عبد الكريم بكار
001329,عبير قاري
001330,غيتانو فيفو
001331,عيسى العوضي
001332,غيوم ميسو
001333,عريب عبد الله
001334,عصام الطوخي
001335,عزيز تبسي
001336,عفاف البدر
001337,عفيفة شقرون
001338,غوردن شميث
001339,غوستوف لوبون
001340,فلاديمير
001341,فاديم زيلاند
001342,فاطمة الشمراني
001343,فاطمة رعد
001344,فاطمة صالح
001345,فتافيت
001346,فيليب كوتلر
001347,فيصل الفيضة
001348,فيكتور بيلقين
001349,فيكتورهيجو
001350,فرانك هربرت
001351,فرح عمران
001352,فريد الانصاري
001353,فريدريك لونوار
001354,فريدريك داوسون
001355,فريك فيرمولين
001356,فرنز كافكا
001357,فهد آل متعب
001358,فؤاد حسين
001359,فوزية ابو خالد
001360,إمتنان برناوي
001361,إلهام الفلامرزي
001362,هال الرود
001363,هالة غبان
001364,هايدي جرانت هالفورسون / اي تور
001365,هاجر عقيلي
001366,هارولد روبينز
001367,هاروكي موراكي
001368,إبتهال لعتيبي
001369,إبراهيم المنيف
001370,هبه العدوي
001371,هيل دوسكين
001372,هيام لطوف
001373,هدي الفلاسي
001374,هيرمان اهيرا
001375,هيفاء صفوق
001376,هيو بلاين
001377,إدوارد ب. برغر
001378,هيكتور جارسيا
001379,هشام العوضي
001380,هشام فهمي
001381,هناء رشاد
001382,هند عزت
001383,هندة محمد
001384,ولاء عودة
001385,وليم سارويان
001386,وليم فوكنر
001387,وليام شيتيك
001388,وليد فتيحي
001390,نابليون هيل / بنجامين فرانكلين
001391,نابليون هيل / د
001392,واتارو اوهاشي
001393,نادية هاشمي
001394,نادرة الغرياني
001395,واين داير
001396,واين داير واسترهيكس
001397,ناريمان أسعد
001398,ناصر بدر المجيل
001399,نانسي صميدة
001400,نتالي هيرمان
001401,نيل باتيل / باتريك ف_ سكوفيتس
001402,نيل دونالد والش
001403,ويليام و مارثا سيرز
001404,وداد البرغوثي
001405,وديان عيسى
001407,نينا لينروويتز
001408,نيقولا مكيافيلي
001409,نيكولو مكيافيلل
001410,وصال تقة
001411,وصال تقية
001412,نعيم الفارسي
001413,وفاء سليمان
001414,نهاد أبس
001415,نوبار دومبادزه
001416,نورم برودسكي
001417,نورا ناجى
001418,نورة بنت محمد
001419,نكلاس نات
001420,طارق السويدان
001421,طارق السويدان
001422,طه حسين
001423,طه عبد المنعم
001424,قيلمين بروند
001425,قيرن هانيش
001426,قرطاج
001427,كلمة
001428,كاثي بيرد
001429,كاترين تيستا
001430,كاثرين ووترفيلد / روبن ووترفيل
001431,كارل فيزيه
001432,كارلا ياردميان الحاج
001433,كارين بيرمان/جو
001434,كارول زمرود
001435,كارولين كيتنيس
001436,كيلي كورتيس
001437,كيرت كوفمان
001438,كين ب_ نشارد / كلير ديازاورتيز
001439,كيكو ماتسوموتو
001440,كريس ماكتشسني / شون كوفي /جيم
001441,كريس دالتون
001442,كريستن تشين
001443,كولتر
001444,كوري كوجون/ادم
001445,رانية الغول
001446,جرجي زيدان
001447,البرت اليس
001448,جيري وايكوف
001449,روبرت جاكمان
001450,تي ار بانوت
001451,شعبان الرداوي 